序号,书名,作家,译者,出版社,初版时间,定价,评分,评分人数,简述,图片链接
1,红楼梦,[清] 曹雪芹 著,,人民文学出版社,1996-12,59.70元,9.6,371221,都云作者痴，谁解其中味？,https://img1.doubanio.com/view/subject/s/public/s1070959.jpg
2,活着,余华,,作家出版社,2012-8-1,20.00元,9.4,693669,生的苦难与伟大,https://img9.doubanio.com/view/subject/s/public/s27279654.jpg
3,1984,[英] 乔治·奥威尔,刘绍铭,北京十月文艺出版社,2010-4-1,28.00,9.4,240250,栗树荫下，我出卖你，你出卖我,https://img1.doubanio.com/view/subject/s/public/s4371408.jpg
4,百年孤独,[哥伦比亚] 加西亚·马尔克斯,范晔,南海出版公司,2011-6,39.50元,9.3,375308,魔幻现实主义文学代表作,https://img3.doubanio.com/view/subject/s/public/s27237850.jpg
5,三体全集,刘慈欣,,重庆出版社,2012-1-1,168.00元,9.4,134665,地球往事三部曲,https://img9.doubanio.com/view/subject/s/public/s28357056.jpg
6,飘,[美国] 玛格丽特·米切尔,李美华,译林出版社,2000-9,40.00元,9.3,193238,革命时期的爱情，随风而逝,https://img1.doubanio.com/view/subject/s/public/s1078958.jpg
7,哈利·波特,J.K.罗琳 (J.K.Rowling),苏农,人民文学出版社,2008-12-1,498.00元,9.7,71684,从9¾站台开始的旅程,https://img9.doubanio.com/view/subject/s/public/s29101586.jpg
8,房思琪的初恋乐园,林奕含,,北京联合出版公司,2018-2,45.00元,9.2,311975,向死而生的文学绝唱,https://img2.doubanio.com/view/subject/s/public/s29651121.jpg
9,三国演义（全二册）,[明] 罗贯中,,人民文学出版社,1998-05,39.50元,9.3,149883,是非成败转头空,https://img2.doubanio.com/view/subject/s/public/s1076932.jpg
10,动物农场,[英] 乔治·奥威尔,荣如德,上海译文出版社,2007-3,10.00元,9.3,132971,太阳底下并无新事,https://img3.doubanio.com/view/subject/s/public/s2347590.jpg
11,福尔摩斯探案全集（上中下）,[英] 乔治·奥威尔,荣如德,上海译文出版社,2007-3,10.00元,9.3,118162,名侦探的代名词,https://img3.doubanio.com/view/subject/s/public/s1229240.jpg
12,白夜行,[日] 东野圭吾,刘姿君,南海出版公司,2013-1-1,39.50元,9.1,393401,一宗离奇命案牵出跨度近20年步步惊心的故事,https://img1.doubanio.com/view/subject/s/public/s24514468.jpg
13,小王子,[法] 圣埃克苏佩里,马振聘,人民文学出版社,2003-8,22.00元,9.0,690177,献给长成了大人的孩子们,https://img2.doubanio.com/view/subject/s/public/s1103152.jpg
14,天龙八部,金庸,,生活·读书·新知三联书店,1994-5,96.00元,9.1,121477,有情皆孽，无人不冤,https://img9.doubanio.com/view/subject/s/public/s26018275.jpg
15,安徒生童话故事集,（丹麦）安徒生,叶君健,人民文学出版社,1997-08,25.00元,9.2,115036,为了争取未来的一代,https://img2.doubanio.com/view/subject/s/public/s1034062.jpg
16,撒哈拉的故事,三毛,,哈尔滨出版社,2003-8,15.80元,9.2,139676,游荡的自由灵魂,https://img2.doubanio.com/view/subject/s/public/s1369343.jpg
17,杀死一只知更鸟,[美] 哈珀·李,高红梅,译林出版社,2012-9,32.00元,9.2,120433,有一种东西不能遵循从众原则，那就是——人的良心,https://img2.doubanio.com/view/subject/s/public/s23128183.jpg
18,明朝那些事儿（1-9）,当年明月,,中国海关出版社,2009-4,358.20元,9.1,138978,不拘一格的历史书写,https://img9.doubanio.com/view/subject/s/public/s3745215.jpg
19,呐喊,鲁迅,,人民文学出版社,1973-3,0.36元,9.0,134431,新文学的第一声呐喊,https://img9.doubanio.com/view/subject/s/public/s34099286.jpg
20,沉默的大多数,王小波,,中国青年出版社,1997-10,27.00元,9.1,133807,沉默是沉默者的通行证,https://img1.doubanio.com/view/subject/s/public/s1447349.jpg
21,局外人,[法] 阿尔贝·加缪,柳鸣九,上海译文出版社,2010-8,22.00元,9.0,197022,人生在世，永远也不该演戏作假,https://img9.doubanio.com/view/subject/s/public/s4468484.jpg
22,失踪的孩子,[意] 埃莱娜·费兰特,陈英,人民文学出版社,2018-7,62.00元,9.2,60785,我的整个生命，只是一场为了提升社会地位的低俗斗争。,https://img1.doubanio.com/view/subject/s/public/s29799269.jpg
23,中国历代政治得失,钱穆,,生活·读书·新知三联书店,2001,12.00元,9.2,59261,一部简明的“中国政治制度史”,https://img9.doubanio.com/view/subject/s/public/s1319205.jpg
24,新名字的故事,[意] 埃莱娜·费兰特,陈英,人民文学出版社,2017-4,59.00元,9.1,71425,探索青年时代的激情、困惑、挣扎、背叛和失去,https://img9.doubanio.com/view/subject/s/public/s29376146.jpg
25,人类简史,[以色列] 尤瓦尔·赫拉利,林俊宏,中信出版社,2014-11,68.00元,9.1,174885,跟着人类一同走过十万年,https://img2.doubanio.com/view/subject/s/public/s27814883.jpg
26,平凡的世界（全三部）,路遥,,人民文学出版社,2005-1,64.00元,9.0,297448,中国当代城乡生活全景,https://img2.doubanio.com/view/subject/s/public/s1144911.jpg
27,围城,钱锺书,,人民文学出版社,1991-2,19.00,9.0,421838,幽默的语言和对生活深刻的观察,https://img2.doubanio.com/view/subject/s/public/s1070222.jpg
28,笑傲江湖（全四册）,金庸,,生活·读书·新知三联书店,1994-5,76.80元,9.1,102597,欲练此功，必先自宫,https://img9.doubanio.com/view/subject/s/public/s2157335.jpg
29,霍乱时期的爱情,[哥伦比亚] 加西亚·马尔克斯,杨玲,南海出版公司,2012-9-1,39.50元,9.0,245915,义无反顾地直达爱情的核心,https://img2.doubanio.com/view/subject/s/public/s11284102.jpg
30,乡土中国,费孝通,,上海人民出版社,2006-04-01,38.00,9.2,66113,中国乡土社会传统文化和社会结构理论研究代表作,https://img3.doubanio.com/view/subject/s/public/s1762210.jpg
31,白鹿原,陈忠实,,人民文学出版社,2012-9,39.00元,9.2,83320,一轴关于我们民族灵魂的现实主义画卷,https://img9.doubanio.com/view/subject/s/public/s28111905.jpg
32,野草,鲁迅,,人民文学出版社,1973-3,0.20元,9.4,35365,我以这一丛野草，在明与暗，生与死，过去与未来之际，献于友与仇，人与兽，爱者与不爱者之前作证。,https://img2.doubanio.com/view/subject/s/public/s34099301.jpg
33,肖申克的救赎,[美] 斯蒂芬·金,施寄青,人民文学出版社,2006-7,29.90元,9.1,108541,豆瓣电影Top1原著,https://img9.doubanio.com/view/subject/s/public/s4007145.jpg
34,东方快车谋杀案,[英] 阿加莎·克里斯蒂,陈尧光,人民文学出版社,2006-5,18.00元,9.0,123565,谋杀诡计惊人，波洛的抉择耐人寻味,https://img1.doubanio.com/view/subject/s/public/s1765799.jpg
35,基督山伯爵,大仲马,周克希,上海译文出版社,1991-12-1,43.90元,9.0,119708,一个报恩复仇的故事，以法国波旁王朝和七月王朝为背景,https://img9.doubanio.com/view/subject/s/public/s3248016.jpg
36,邓小平时代,[美] 傅高义,冯克利,生活·读书·新知三联书店,2013-1,88.00元,9.2,49575,个人命运背后的历史变局,https://img1.doubanio.com/view/subject/s/public/s24516687.jpg
37,月亮和六便士,[英] 毛姆,傅惟慈,上海译文出版社,2006-8,15.00元,9.0,184387,有多少人会经历顿悟，就有更少的人甘愿自我放逐,https://img1.doubanio.com/view/subject/s/public/s2659208.jpg
38,江城,[美] 彼得·海斯勒,李雪顺,上海译文出版社,2012-1,36.00元,9.1,52256,外国人眼中的涪陵,https://img9.doubanio.com/view/subject/s/public/s32271204.jpg
39,我与地坛,史铁生,,春风文艺出版社,2002-5,25.00元,9.1,85494,这是你的罪孽与福祉,https://img1.doubanio.com/view/subject/s/public/s1151479.jpg
40,万历十五年,[美] 黄仁宇,,生活·读书·新知三联书店,1997-5,18.00元,8.9,178941,见微知著，历史观的颠覆,https://img9.doubanio.com/view/subject/s/public/s1800355.jpg
41,城南旧事,林海音 文,,中国青年出版社,2003-7,16.00元,9.0,134332,长亭外，古道边，芳草碧连天,https://img1.doubanio.com/view/subject/s/public/s2654869.jpg
42,彷徨,鲁迅,,人民文学出版社,1973-3,0.37元,9.1,51301,路漫漫其修远兮，吾将上下而求索,https://img2.doubanio.com/view/subject/s/public/s34099293.jpg
43,追风筝的人,[美] 卡勒德·胡赛尼,李继宏,上海人民出版社,2006-5,29.00元,8.9,743029,为你，千千万万遍,https://img3.doubanio.com/view/subject/s/public/s1727290.jpg
44,悉达多,[德] 赫尔曼·黑塞,姜乙,天津人民出版社,2017-1,32.00元,9.3,32416,None,https://img1.doubanio.com/view/subject/s/public/s29396368.jpg
45,刀锋,[英]毛姆,周煦良,上海译文出版社,2007-3,18.00元,9.0,76227,一把刀的锋刃不容易越过；因此智者说得救之道是困难的,https://img2.doubanio.com/view/subject/s/public/s2347562.jpg
46,艺术的故事,[英] 贡布里希 (Sir E.H.Gombrich),范景中,广西美术出版社,2008-04,280.00,9.6,21922,从最早的洞窟绘画到当今的实验艺术,https://img2.doubanio.com/view/subject/s/public/s3219163.jpg
47,射雕英雄传,金庸,,生活·读书·新知三联书店,1999-04,47.00元,9.0,77073,侠之大者，为国为民,https://img9.doubanio.com/view/subject/s/public/s2157336.jpg
48,卡拉马佐夫兄弟,[俄] 费奥多尔·陀思妥耶夫斯基,荣如德,上海译文出版社,2006-8,25.00元,9.4,24592,错综复杂的社会、家庭矛盾和人性悲剧,https://img2.doubanio.com/view/subject/s/public/s2059791.jpg
49,寻路中国,[美] 彼得·海斯勒,李雪顺,上海译文出版社,2011-1,33.00元,9.0,50511,《纽约客》驻北京记者驾车漫游中国大陆的经历,https://img1.doubanio.com/view/subject/s/public/s32271209.jpg
50,献给阿尔吉侬的花束,[美] 丹尼尔·凯斯,陈澄和,广西师范大学出版社,2015-4,36.00元,9.1,61921,当声称能改造智能的科学实验选中心智障碍主角,https://img3.doubanio.com/view/subject/s/public/s28050760.jpg
51,罗杰疑案,[英] 阿加莎·克里斯蒂,常禾,新星出版社,2013-3,28.00元,9.2,47367,None,https://img2.doubanio.com/view/subject/s/public/s25814002.jpg
52,许三观卖血记,余华,,作家出版社,2012-9,24.00元,9.0,104382,None,https://img3.doubanio.com/view/subject/s/public/s24575140.jpg
53,朝花夕拾,鲁迅,,人民文学出版社,1973-4,0.25元,8.9,129594,在纷扰中寻出一点闲静,https://img3.doubanio.com/view/subject/s/public/s34099290.jpg
54,嫌疑人X的献身,[日] 东野圭吾,刘子倩,南海出版公司,2008-9,28.00,8.9,483873,数学好是一种极致的浪漫,https://img9.doubanio.com/view/subject/s/public/s3254244.jpg
55,格林童话全集,[德国]格林兄弟,魏以新,人民文学出版社,1994-11,21.45元,9.0,85828,一本有教育意义的书,https://img9.doubanio.com/view/subject/s/public/s1043975.jpg
56,故事新编,鲁迅,,人民文学出版社,1973-12-01,0.31 元,9.4,31103,拾取古代传说，取一点因由，随意点染,https://img1.doubanio.com/view/subject/s/public/s34099297.jpg
57,树上的男爵,[意] 伊塔洛·卡尔维诺,吴正仪,译林出版社,2012-4-1,30.00元,9.1,43447,是不是真的只有先与人疏离，才能最终与他们在一起？,https://img9.doubanio.com/view/subject/s/public/s8968135.jpg
58,无人生还,[英] 阿加莎・克里斯蒂,祁阿红,人民文学出版社,2008-3,19.00,8.9,129467,童谣杀人案,https://img3.doubanio.com/view/subject/s/public/s2962510.jpg
59,黄金时代,王小波,,花城出版社,1999-3,19.00元,8.9,151963,我想爱，想吃，还想在一瞬间变成天上半明半暗的云,https://img2.doubanio.com/view/subject/s/public/s1076372.jpg
60,傲慢与偏见,[英] 奥斯丁,张玲,人民文学出版社,1993-7,13.00元,8.9,217000,所有现代言情小说的母体,https://img2.doubanio.com/view/subject/s/public/s4250062.jpg
61,史记（全十册）,司马迁,（索隐）司马贞，（正义）张守节,中华书局,1982-11,125.00,9.5,21797,史家之绝唱，无韵之离骚,https://img9.doubanio.com/view/subject/s/public/s1953384.jpg
62,中国少年儿童百科全书（全四册）,林崇德 主编,,浙江教育出版社,1991-4,168.00元,9.4,14256,None,https://img9.doubanio.com/view/subject/s/public/s34069455.jpg
63,历史深处的忧虑,林达,,生活·读书·新知三联书店,1997-5,19.00元,9.0,42251,窥见美国社会的一扇窗,https://img9.doubanio.com/view/subject/s/public/s1768916.jpg
64,悲惨世界（上中下）,[法] 雨果,李丹,人民文学出版社,1992-6,66.00元,9.0,58583,现实主义与浪漫主义的至高杰作,https://img9.doubanio.com/view/subject/s/public/s4521754.jpg
65,鼠疫,[法] 阿尔贝·加缪,刘方,上海译文出版社,2013-8,34.00元,9.0,54306,用别样的监禁生活再现某种监禁生活，与用不存在的事表现真事同等合理,https://img2.doubanio.com/view/subject/s/public/s27003191.jpg
66,上帝掷骰子吗,曹天元,,辽宁教育出版社,2006-1,32.00元,9.2,30798,量子物理史话,https://img9.doubanio.com/view/subject/s/public/s1486674.jpg
67,神雕侠侣,金庸,有1996年11月北平第4次印本,生活·读书·新知三联书店,1994-5,76.80元,8.9,93279,至情至性，情大于武,https://img9.doubanio.com/view/subject/s/public/s26018916.jpg
68,永恒的终结,[美] 艾萨克·阿西莫夫,崔正男,江苏凤凰文艺出版社,2014-9,32.00元,9.0,36932,关于时间旅行的终极奥秘和恢宏构想,https://img2.doubanio.com/view/subject/s/public/s27409671.jpg
69,文学回忆录,木心 口述,,广西师范大学出版社,2013-1-10,98.00元,9.1,40667,木心留给世界的礼物,https://img1.doubanio.com/view/subject/s/public/s24611679.jpg
70,西游记（全二册）,吴承恩,黄肃秋 注释,人民文学出版社,2004-8,47.20元,8.9,74729,神魔皆有人情，精魅亦通世故,https://img9.doubanio.com/view/subject/s/public/s1627374.jpg
71,诗经,孔丘 编订,,北京出版社,2006-7,19.90元,9.4,24609,思无邪,https://img2.doubanio.com/view/subject/s/public/s1979223.jpg
72,台北人,白先勇,,广西师范大学出版社,2010-10,38.00元,8.9,57411,白先勇短篇小说集,https://img9.doubanio.com/view/subject/s/public/s4526465.jpg
73,哭泣的骆驼,三毛,,哈尔滨出版社,2003-6,15.80元,8.9,53289,沙漠中寻常的生与死,https://img9.doubanio.com/view/subject/s/public/s1020454.jpg
74,灿烂千阳,[美] 卡勒德·胡赛尼,李继宏,上海人民出版社,2007-9,28.00元,8.8,110339,唯有希望与爱可以驱散阴霾,https://img9.doubanio.com/view/subject/s/public/s2651394.jpg
75,一个叫欧维的男人决定去死,[瑞典] 弗雷德里克·巴克曼,宁蒙,四川文艺出版社,2015-12,35.00元,9.0,53085,这个发生在瑞典的故事，如生命庆典般绚丽斑斓,https://img3.doubanio.com/view/subject/s/public/s29071620.jpg
76,最好的告别,[美] 阿图·葛文德（Atul Gawande）,王一方 主编,浙江人民出版社,2015-7-31,54.90元,9.0,41066,关于衰老与死亡，你必须知道的常识,https://img1.doubanio.com/view/subject/s/public/s28260907.jpg
77,人间词话,王国维,,上海古籍出版社,1998-12,9.80元,9.0,49955,以新眼光评旧文学,https://img9.doubanio.com/view/subject/s/public/s1146614.jpg
78,窗边的小豆豆,[日] 黑柳彻子 著,赵玉皎,南海出版公司,2003-1,20.00元,8.8,191237,真正懂孩子的教育经,https://img2.doubanio.com/view/subject/s/public/s1067911.jpg
79,厌女,上野千鹤子,王兰,上海三联书店,2015-1,28.00元,9.0,39851,None,https://img1.doubanio.com/view/subject/s/public/s33797467.jpg
80,唐诗三百首,蘅塘退士,,中华书局,1984-07-01,0.65,9.4,22241,熟读唐诗三百首，不会吟诗也会吟,https://img1.doubanio.com/view/subject/s/public/s1008848.jpg
81,看见,柴静,,广西师范大学出版社,2013-1-1,39.80元,8.8,317388,在这里看见中国,https://img1.doubanio.com/view/subject/s/public/s24514758.jpg
82,浪潮之巅,吴军,,电子工业出版社,2011-8,55.00元,9.0,31325,了解IT领域的入门读物,https://img9.doubanio.com/view/subject/s/public/s6807265.jpg
83,呼兰河传,萧红,,百花文艺出版社,2005-01,19.00,8.9,74609,萧红的童年往事,https://img3.doubanio.com/view/subject/s/public/s1167060.jpg
84,孽子,白先勇,,广西师范大学出版社,2010.10,46.00元,9.1,33773,写给那一群，在最深最深的黑夜里，独自彷徨街头，无所依归的孩子们,https://img3.doubanio.com/view/subject/s/public/s6240330.jpg
85,美的历程,李泽厚,,生活·读书·新知三联书店,2009-7,43.00元,9.2,26088,中国美学经典之作,https://img2.doubanio.com/view/subject/s/public/s3893343.jpg
86,道德经,黄元吉,,陕西人民出版社,1996-10,4.50元,9.5,17441,中国历史上首部完整的哲学著作,https://img2.doubanio.com/view/subject/s/public/s1045431.jpg
87,爱你就像爱生命,王小波,,上海锦绣文章出版社,2008-5,18.00元,8.8,104934,王小波与李银河的两地书,https://img2.doubanio.com/view/subject/s/public/s4661043.jpg
88,我们仨,杨绛,,生活·读书·新知三联书店,2003-7,18.80元,8.7,287102,家庭生活回忆录,https://img2.doubanio.com/view/subject/s/public/s1015872.jpg
89,冬牧场,李娟,,新星出版社,2012-6,29.80元,9.0,27555,阿勒泰的精灵,https://img2.doubanio.com/view/subject/s/public/s8958901.jpg
90,巨人的陨落,[英] 肯·福莱特,于大卫,江苏凤凰文艺出版社,2016-5-1,129.80元,8.9,79097,五个家族，一场战争,https://img9.doubanio.com/view/subject/s/public/s28668834.jpg
91,海子的诗,海子,,人民文学出版社,1999-04,15.40,8.9,41549,None,https://img2.doubanio.com/view/subject/s/public/s1067491.jpg
92,教父,[美]马里奥·普佐,周汉林,译林出版社,1997-8,23.30元,9.0,37275,“教父三部曲”电影原著,https://img1.doubanio.com/view/subject/s/public/s2832939.jpg
93,人生的枷锁,[英] 毛姆,张柏然,上海译文出版社,2007-3,32.00元,9.0,26860,在混沌纷扰的生活漩流中，寻求人生的真谛,https://img1.doubanio.com/view/subject/s/public/s3983958.jpg
94,人生的智慧,(德)叔本华,韦启昌,上海人民出版社,2008-10-01,28.00元,9.2,27288,对世俗、实用问题深刻而透彻的讨论,https://img9.doubanio.com/view/subject/s/public/s4619775.jpg
95,四世同堂,老舍,,北京十月文艺出版社,2008-07,36.00元,9.3,29790,北平沦陷时代广大平民的悲惨遭遇,https://img1.doubanio.com/view/subject/s/public/s3228699.jpg
96,美丽新世界,[英] 赫胥黎,陈超,上海译文出版社,2017-6,45.00元,9.1,36129,None,https://img9.doubanio.com/view/subject/s/public/s29477615.jpg
97,看不见的城市,[意] 伊塔洛·卡尔维诺,张密,译林出版社,2012-4,25.00元,9.0,28253,None,https://img1.doubanio.com/view/subject/s/public/s8972088.jpg
98,斯通纳,[美] 约翰·威廉斯,杨向荣,上海人民出版社,2016-1,49.00元,8.8,52040,即使不能拥有完美的生活，所幸追求过完整的自我,https://img2.doubanio.com/view/subject/s/public/s28332051.jpg
99,秋园,杨本芬,,北京联合出版公司,2020-6,38.00元,8.9,39978,None,https://img3.doubanio.com/view/subject/s/public/s33640730.jpg
100,离开的，留下的,[意] 埃莱娜·费兰特,陈英,人民文学出版社,2017-10,62.00元,8.8,57382,探索中年的虚无、困惑、野心和近乎残暴的爱,https://img2.doubanio.com/view/subject/s/public/s29535271.jpg
101,飞鸟集,[印] 罗宾德拉纳德·泰戈尔,徐翰林,哈尔滨出版社,2004-6,16.80元,8.9,60471,一个淡泊清透的世界,https://img2.doubanio.com/view/subject/s/public/s1044902.jpg
102,罪与罚,[俄] 陀思妥耶夫斯基,岳麟,上海译文出版社,2006-8,23.00元,9.2,26852,描绘人内心的全部深度,https://img9.doubanio.com/view/subject/s/public/s1790246.jpg
103,叫魂,[美] 孔飞力,陈兼,生活·读书·新知三联书店 上海三联书店,2012-5,38.00元,9.0,24799,1768年中国妖术大恐慌,https://img2.doubanio.com/view/subject/s/public/s9015481.jpg
104,鹿鼎记,金庸,,广州出版社 花城出版社,2008-3,108.00元,8.8,52119,武侠的解构，流氓的狂欢,https://img3.doubanio.com/view/subject/s/public/s1738660.jpg
105,置身事内,兰小欢,,上海人民出版社,2021-8,65.00元,9.0,29789,None,https://img1.doubanio.com/view/subject/s/public/s33956867.jpg
106,这些人，那些事,吴念真,,译林出版社,2011-9,28.00元,8.8,63038,平淡叙述下的惊心动魄,https://img2.doubanio.com/view/subject/s/public/s6828981.jpg
107,梦里花落知多少,三毛,,北京十月文艺出版社,2007-6,28.00元,8.8,91544,哀而不伤,https://img2.doubanio.com/view/subject/s/public/s2393243.jpg
108,边城,沈从文,,北岳文艺出版社,2002-4,12.00元,8.7,211172,一切充满了善，然而到处是不凑巧,https://img1.doubanio.com/view/subject/s/public/s1595557.jpg
109,陆犯焉识,严歌苓,,作家出版社,2011-10,35.00元,8.8,52588,翻手为苍凉，覆手为繁华,https://img2.doubanio.com/view/subject/s/public/s6987353.jpg
110,你当像鸟飞往你的山,[美] 塔拉·韦斯特弗,任爱红,南海出版公司,2019-10,59.00元,8.7,142837,我来自一个极少有人能想象的家庭，教育给了我新世界,https://img9.doubanio.com/view/subject/s/public/s33492346.jpg
111,刘擎西方现代思想讲义,刘擎,,新星出版社,2021-1,79.00元,9.1,19674,None,https://img2.doubanio.com/view/subject/s/public/s33802981.jpg
112,时间简史,[英] 史蒂芬·霍金,许明贤,湖南科学技术出版社,2010-4,45.00元,8.8,57165,探索时间和空间的核心秘密,https://img2.doubanio.com/view/subject/s/public/s1914861.jpg
113,王尔德童话,[英] 王尔德,王林,译林出版社,2003-6,6.00元,9.1,20996,一颗纯美纯善、永难泯灭的童心,https://img9.doubanio.com/view/subject/s/public/s2019056.jpg
114,金色梦乡,[日] 伊坂幸太郎,李彦桦,译林出版社,2010-9,35.00元,9.0,26048,伊坂幸太郎代表作,https://img9.doubanio.com/view/subject/s/public/s4444885.jpg
115,受戒,汪曾祺,,漓江出版社,1987-10,3.95元,9.3,20831,江南乡镇民间生活，健康淳朴的人性,https://img2.doubanio.com/view/subject/s/public/s3628082.jpg
116,十万个为什么,汪曾祺,,漓江出版社,1987-10,3.95元,9.1,16206,None,https://img1.doubanio.com/view/subject/s/public/s2619779.jpg
117,小径分岔的花园,[阿根廷] 豪·路·博尔赫斯,王永年,上海译文出版社,2015-7,23.00,8.9,33039,一个谜语，谜底正是时间,https://img1.doubanio.com/view/subject/s/public/s29746559.jpg
118,昨日的世界,[奥] 斯蒂芬·茨威格,舒昌善,广西师范大学出版社,2004-5-1,32.00元,9.2,13079,一个高贵而残破的昨日镜像,https://img1.doubanio.com/view/subject/s/public/s1121598.jpg
119,失明症漫记,[葡] 若泽·萨拉马戈,范维信,南海出版公司,2014-2,29.50,9.1,22543,失明症迅速蔓延，整个城市陷入一场空前的灾难,https://img1.doubanio.com/view/subject/s/public/s27217828.jpg
120,毛泽东选集第一卷,毛泽东,,人民出版社,1991-5,40.00元,9.4,19331,None,https://img2.doubanio.com/view/subject/s/public/s1106951.jpg
121,棋王·树王·孩子王,阿城,,江苏凤凰文艺出版社,2016-3-1,58.00,9.2,18053,None,https://img2.doubanio.com/view/subject/s/public/s28688273.jpg
122,一个陌生女人的来信,[奥] 斯蒂芬·茨威格,张玉书,上海译文出版社,2007-7,20.00元,8.7,132295,暗恋的极致,https://img1.doubanio.com/view/subject/s/public/s2611329.jpg
123,绿毛水怪,王小波,,时代文艺出版社,2009-1,30.00元,9.0,21039,我们好象在池塘的水底，从一个月亮走向另一个月亮,https://img9.doubanio.com/view/subject/s/public/s3675595.jpg
124,故事,[美] 罗伯特·麦基,周铁东,天津人民出版社,2014-9,68.00元,9.2,15863,材质、结构、风格和银幕剧作的原理,https://img1.doubanio.com/view/subject/s/public/s27598249.jpg
125,绝叫,[日] 叶真中显,林佩瑾,北京联合出版公司,2020-7,58.00元,8.7,47153,None,https://img2.doubanio.com/view/subject/s/public/s33685372.jpg
126,國史大綱（上下）,錢穆,,商务印书馆,2013-8,76.00元,9.4,14509,钱穆中国通史,https://img9.doubanio.com/view/subject/s/public/s6795555.jpg
127,经济学原理（上下）,[美] 曼昆,梁小民,机械工业出版社,2003-8,88.00元,9.1,19992,经济学家们的世界观,https://img9.doubanio.com/view/subject/s/public/s1785715.jpg
128,也许你该找个人聊聊,[美] 曼昆,梁小民,机械工业出版社,2003-8,88.00元,8.9,24538,None,https://img2.doubanio.com/view/subject/s/public/s33944153.jpg
129,茶馆,老舍,,人民文学出版社,2002-1,9.80元,9.0,24933,清末、民初、抗战胜利以后三个历史时期的北京生活风貌,https://img3.doubanio.com/view/subject/s/public/s33516550.jpg
130,人间草木,汪曾祺,,江苏文艺出版社,2005-01,20.00元,9.1,25238,我就是要这样香，香得痛痛快快,https://img3.doubanio.com/view/subject/s/public/s1201610.jpg
131,面纱,(英)W.萨默塞特·毛姆,阮景林,重庆出版社,2012-05-01,32.00元,8.7,64481,揭去生活的面纱,https://img9.doubanio.com/view/subject/s/public/s9038826.jpg
132,海的女儿,安徒生,叶君健,上海译文出版社,1978年6月,0.43,9.1,18905,None,https://img9.doubanio.com/view/subject/s/public/s4133656.jpg
133,克莱因壶,[日]冈岛二人,张舟,化学工业出版社,2019-9,48.00元,8.8,39941,None,https://img1.doubanio.com/view/subject/s/public/s33317677.jpg
134,苏菲的世界,[挪] 乔斯坦·贾德,萧宝森,作家出版社,2007-10,26.00元,8.8,51038,哲学启蒙书,https://img3.doubanio.com/view/subject/s/public/s3042670.jpg
135,爱的艺术,[美] 艾·弗洛姆,李健鸣,上海译文出版社,2008-4,15.00元,8.8,40829,谦恭地、勇敢地、真诚地和有纪律地爱他人,https://img9.doubanio.com/view/subject/s/public/s2990934.jpg
136,史蒂夫·乔布斯传,[美] 沃尔特·艾萨克森,管延圻,中信出版社,2011-10-24,68.00元,8.7,56468,完美主义者的最高形态,https://img2.doubanio.com/view/subject/s/public/s6974202.jpg
137,万水千山走遍,三毛,,哈尔滨出版社,2003-08,13.80,8.8,42279,从遥远的撒哈拉到敦煌戈壁,https://img2.doubanio.com/view/subject/s/public/s1099483.jpg
138,阿勒泰的角落,李娟,,万卷出版公司,2010-6,25.00元,9.1,17150,白雪和阳光，青草和白桦林,https://img3.doubanio.com/view/subject/s/public/s6185540.jpg
139,德米安,[德] 赫尔曼·黑塞,丁君君,上海人民出版社,2009-3,25.00元,8.9,28001,少年辛克莱寻找通向自身之路的艰辛历程,https://img9.doubanio.com/view/subject/s/public/s3979854.jpg
140,温柔的夜,三毛,,北京十月文艺出版社,2007-5,28.00元,9.1,20889,三毛在加纳利群岛的生活,https://img1.doubanio.com/view/subject/s/public/s2391798.jpg
141,不能承受的生命之轻,米兰·昆德拉,许钧,上海译文出版社,2010-8,29.00元,8.8,40857,None,https://img2.doubanio.com/view/subject/s/public/s4421443.jpg
142,桶川跟踪狂杀人事件,[日] 清水洁,王华懋,四川人民出版社,2021-2,45.00元,9.0,24642,None,https://img1.doubanio.com/view/subject/s/public/s33805848.jpg
143,我不知道该说什么，关于死亡还是爱情,[白俄] S·A·阿列克谢耶维奇,方祖芳,花城出版社,2014-6-15,34.80元,9.1,17962,真实记录切尔诺贝利核灾难事件,https://img2.doubanio.com/view/subject/s/public/s28313152.jpg
144,我的天才女友,[意] 埃莱娜·费兰特,陈英,人民文学出版社,2017-1,42.00元,8.6,89478,“那不勒斯四部曲”第一部，两个女人，50年的友谊和战争,https://img1.doubanio.com/view/subject/s/public/s29164777.jpg
145,霸王别姬,李碧华,,人民文学出版社,1999-1,10.20元,9.1,19412,人间，只是抹去了脂粉的脸,https://img9.doubanio.com/view/subject/s/public/s24964086.jpg
146,我也有一个梦想,林达,,生活·读书·新知三联书店,2004-08,25.00元,9.0,14870,在法治国家里，民众怎样运用法律,https://img9.doubanio.com/view/subject/s/public/s2170315.jpg
147,球状闪电,刘慈欣,,四川科学技术出版社,2005-6,22.00元,8.7,72557,量子之外，没有真相,https://img9.doubanio.com/view/subject/s/public/s26040205.jpg
148,长日将尽,[英] 石黑一雄,冯涛,上海译文出版社,2018-5,48.00元,8.9,25517,None,https://img3.doubanio.com/view/subject/s/public/s29738720.jpg
149,亮剑,都梁,,解放军文艺出版社,2005-3,28.00元,8.9,26685,面对强大的对手，明知不敌，也要毅然亮剑,https://img1.doubanio.com/view/subject/s/public/s9950828.jpg
150,古文观止,吴楚材,,中华书局,1987-1-1,21.00元,9.1,17299,收录自先秦至明末的散文二百二十二篇,https://img2.doubanio.com/view/subject/s/public/s1325863.jpg
151,1367,陳浩基,,皇冠文化出版有限公司,2014-6-9,NT$350,9.2,15076,None,https://img3.doubanio.com/view/subject/s/public/s33699260.jpg
152,一句顶一万句,刘震云,,长江文艺出版社,2009-3,29.80,8.7,55435,一句胜过千年,https://img1.doubanio.com/view/subject/s/public/s6916838.jpg
153,社会心理学,[美] 戴维·迈尔斯,张智勇,人民邮电出版社,2006-1,68.00元,9.0,24016,人们是如何思索、影响他人并与他人建立联系的,https://img2.doubanio.com/view/subject/s/public/s1670932.jpg
154,海风中失落的血色馈赠,[加拿大] 阿利斯泰尔·麦克劳德,陈以侃,上海文艺出版社,2015-6-1,CNY 20.00,9.0,16685,男女之间、父母与子女之间紧密的纽带和难以逾越的鸿沟,https://img2.doubanio.com/view/subject/s/public/s28061231.jpg
155,我的阿勒泰,李娟,,云南人民出版社,2010-7,22.00元,8.8,23933,描写疆北阿勒泰地区生活和风情的原生态散文集,https://img1.doubanio.com/view/subject/s/public/s6180859.jpg
156,强风吹拂,三浦紫苑,林佩瑾,广西师范大学出版社,2015-1-1,39.00元,9.0,19555,明明这么痛苦，这么难过，为什么就是不能放弃跑步？,https://img1.doubanio.com/view/subject/s/public/s27914268.jpg
157,倾城之恋,张爱玲,,北京十月文艺出版社,2006-12,29.80元,8.7,47359,“一对平凡的夫妻”之间的“一点真心”,https://img3.doubanio.com/view/subject/s/public/s4638950.jpg
158,少年凯歌,陈凯歌,,人民文学出版社,2001-6,10.00元,9.2,10096,None,https://img1.doubanio.com/view/subject/s/public/s24399718.jpg
159,孩子你慢慢来,龙应台,,生活·读书·新知三联书店,2009-12-1,28.00元,8.7,74561,我们现在怎样做母亲,https://img9.doubanio.com/view/subject/s/public/s4124434.jpg
160,浮生六记,（清）沈复,,人民文学出版社,1999-1,38,8.8,63289,苟不记之笔墨，未免有辜彼苍之厚,https://img9.doubanio.com/view/subject/s/public/s2280094.jpg
161,麦琪的礼物,[美] 欧·亨利,张经浩,上海社会科学院出版社,2003-7,25.00元,8.6,70234,日常的奇迹,https://img2.doubanio.com/view/subject/s/public/s1137441.jpg
162,送你一颗子弹,刘瑜,,上海三联书店,2010-1,25.00元,8.6,137653,在这本书里，被“审视”的东西杂七杂八,https://img1.doubanio.com/view/subject/s/public/s4243447.jpg
163,天朝的崩溃,茅海建,,生活·读书·新知三联书店,2005-7,32.00元,9.1,13334,鸦片战争再研究,https://img2.doubanio.com/view/subject/s/public/s1681072.jpg
164,渴望生活,[美] 欧文·斯通,常涛,北京十月文艺出版社,2008-4,29.80元,9.2,10860,梵高悲惨而成就辉煌的人生,https://img1.doubanio.com/view/subject/s/public/s3099438.jpg
165,九州·缥缈录,江南,,新世界出版社,2005-6,20.00元,8.8,30045,乱世的英雄史诗,https://img1.doubanio.com/view/subject/s/public/s1520169.jpg
166,情书,[日] 岩井俊二,穆晓芳,天津人民出版社,2004-7,18.00元,8.6,100702,一场同名同姓的误会，两段可贵的爱情,https://img9.doubanio.com/view/subject/s/public/s1127135.jpg
167,万物有灵且美,[英] 吉米·哈利,种衍伦,中国城市出版社,2010-1,28.80,8.8,21251,活泼的生命完全无须借助魔法，便能对我们述说至美至真的故事,https://img9.doubanio.com/view/subject/s/public/s4093514.jpg
168,尼罗河上的惨案,[英] 阿加莎·克里斯蒂,宫英海,人民文学出版社,2006-5,22.00元,8.7,44673,阿加莎·克里斯蒂代表作,https://img1.doubanio.com/view/subject/s/public/s1683067.jpg
169,遥远的向日葵地,李娟,,花城出版社,2017-11,38.00元,9.0,17253,None,https://img3.doubanio.com/view/subject/s/public/s29878650.jpg
170,野火集,龙应台,,文汇出版社,2005-8,25.00元,8.8,33716,中国人，你为什么不生气,https://img1.doubanio.com/view/subject/s/public/s1469589.jpg
171,草房子,曹文轩,,江苏少年儿童出版社,2009-6,18.00元,9.0,40828,男孩桑桑刻骨铭心、终身难忘的六年小学生活,https://img3.doubanio.com/view/subject/s/public/s2652540.jpg
172,银河系漫游指南,[英] 道格拉斯·亚当斯,徐百柯,四川科学技术出版社,2005-6,16.00元,8.8,20505,一场穿越银河的冒险,https://img3.doubanio.com/view/subject/s/public/s3696740.jpg
173,罗生门,[日] 芥川龙之介,林少华,上海译文出版社,2008-7,12.00元,8.7,62349,人生，远比地狱更像地狱,https://img1.doubanio.com/view/subject/s/public/s3435158.jpg
174,半生缘,张爱玲,,北京十月文艺出版社,2006-12,28.00元,8.6,78581,世钧，我们回不去了,https://img1.doubanio.com/view/subject/s/public/s2838737.jpg
175,安娜·卡列尼娜,[俄] 列夫·托尔斯泰,草婴,上海文艺出版社,2007-8,37.00元,9.2,21165,None,https://img1.doubanio.com/view/subject/s/public/s5763939.jpg
176,倚天屠龙记,金庸,,生活·读书·新知三联书店,1999-04,47.00,8.6,56873,不识张郎是张郎,https://img9.doubanio.com/view/subject/s/public/s34097535.jpg
177,额尔古纳河右岸,迟子建,,北京十月文艺出版社,2005-12-1,29.00元,9.0,20302,东北少数民族鄂温克人生存现状及百年沧桑,https://img9.doubanio.com/view/subject/s/public/s3380714.jpg
178,恶意,[日] 东野圭吾,娄美莲,南海出版公司,2016-11-1,39.50元,8.7,81314,None,https://img9.doubanio.com/view/subject/s/public/s29069735.jpg
179,理想国,[古希腊] 柏拉图,郭斌和,商务印书馆,1986-8,28.00元,8.8,30952,人类历史上最早的乌托邦,https://img1.doubanio.com/view/subject/s/public/s34157889.jpg
180,枪炮、病菌与钢铁,[美] 贾雷德·戴蒙德,谢延光,上海译文出版社,2006-4-1,45.00元,8.7,44092,人类社会的命运,https://img2.doubanio.com/view/subject/s/public/s1738643.jpg
181,雨季不再来,三毛,,北京十月文艺出版社,2007-7,28.00元,8.7,50536,三毛少女时代的成长感受,https://img1.doubanio.com/view/subject/s/public/s2563279.jpg
182,一桩事先张扬的凶杀案,[哥伦比亚] 加西亚·马尔克斯,魏然,南海出版公司,2013-6,25.00元,8.7,37035,我如此急切地想要讲述这桩案件，也许是它最终确定了我的作家生涯,https://img1.doubanio.com/view/subject/s/public/s26546959.jpg
183,激荡三十年,吴晓波,,中信出版社,2008-7-1,32.00元,8.6,16588,中国企业1978—2008,https://img3.doubanio.com/view/subject/s/public/s3203360.jpg
184,你好，旧时光（上下）,八月长安,,新世界出版社,2009-12,39.80元,8.7,44984,原作名切题,https://img1.doubanio.com/view/subject/s/public/s4293097.jpg
185,当呼吸化为空气,[美] 保罗·卡拉尼什,何雨珈,浙江文艺出版社,2016-12,48.00元,8.8,24060,你在死亡中探究生命的意义，你见证生前的呼吸化作死后的空气,https://img2.doubanio.com/view/subject/s/public/s29423902.jpg
186,雷雨,曹禺,,人民文学出版社,1999-05,9.20,8.6,72317,一幕人生大悲剧，在一个雷雨夜爆发,https://img1.doubanio.com/view/subject/s/public/s23579217.jpg
187,孙子兵法,孙武,郭化若,上海古籍出版社,2006-7,20.00元,9.4,11422,我国最古老最杰出的一部兵书,https://img1.doubanio.com/view/subject/s/public/s2142329.jpg
188,冰与火之歌,乔治·马丁,谭光磊,重庆出版社,2013-10-1,330.00元,9.5,14448,乔治·R·R·马丁史诗奇幻小说,https://img9.doubanio.com/view/subject/s/public/s27218035.jpg
189,目送,龙应台,,生活·读书·新知三联书店,2009-10,39.00元,8.6,203797,不必追,https://img1.doubanio.com/view/subject/s/public/s3984108.jpg
190,最好的我们,八月长安,,湖南文艺出版社,2013-8-5,55,8.7,67128,耿耿余淮,https://img9.doubanio.com/view/subject/s/public/s26720726.jpg
191,水浒传（全二册）,[明] 施耐庵,,人民文学出版社,1997-1,50.60元,8.6,69395,替天行道,https://img1.doubanio.com/view/subject/s/public/s1436519.jpg
192,解忧杂货店,[日] 东野圭吾,李盈春,南海出版公司,2014-5,39.50元,8.5,719268,现代人内心流失的东西，这家杂货店能帮你找回,https://img2.doubanio.com/view/subject/s/public/s27264181.jpg
193,银河帝国：基地七部曲,[美] 艾萨克·阿西莫夫,叶李华,江苏凤凰文艺出版社,2015-10-1,328.00元,9.4,11558,阿西莫夫经典科幻小说,https://img9.doubanio.com/view/subject/s/public/s28284246.jpg
194,2001：太空漫游,[英] 阿瑟·克拉克,郝明义,上海文艺出版社,2019-5-10,62.00元,9.3,15114,None,https://img2.doubanio.com/view/subject/s/public/s32330891.jpg
195,亲爱的安德烈,龙应台,,人民文学出版社,2008-12,26.00,8.6,117003,弭平代沟，跨越文化阻隔,https://img1.doubanio.com/view/subject/s/public/s3993878.jpg
196,一千零一夜,纳训,,人民文学出版社,2003-01,22.00,8.7,53991,阿拉伯地区的古代民间传说,https://img1.doubanio.com/view/subject/s/public/s1070937.jpg
197,总统是靠不住的,林达,,生活·读书·新知三联书店,2004-08,21.80,8.8,19665,美国政治法律制度的基本原理和操作细节,https://img9.doubanio.com/view/subject/s/public/s2170316.jpg
198,顾城的诗,顾城,,人民文学出版社,1998-12,20.00,8.8,23719,火焰是我们诗歌唯一的读者,https://img2.doubanio.com/view/subject/s/public/s1024472.jpg
199,上学记,何兆武 口述,,生活·读书·新知三联书店,2006-8,19.80元,8.9,13479,20世纪中国知识分子的心灵史,https://img9.doubanio.com/view/subject/s/public/s1950424.jpg
200,荒原狼,[德]赫尔曼·黑塞,赵登荣,上海译文出版社,2008-7,13.00,9.0,17544,“超现实主义”风格作品，德国的《尤利西斯》,https://img1.doubanio.com/view/subject/s/public/s3286369.jpg
201,认识电影,[美] 路易斯·贾内梯,焦雄屏,世界图书出版公司,2007-11,68.00元,8.9,17174,电影入门经典之作,https://img2.doubanio.com/view/subject/s/public/s28274132.jpg
202,论语,刘胜利,,中华书局,2006-12,9.80元,9.1,20123,仁远乎哉？我欲仁，斯仁至矣,https://img9.doubanio.com/view/subject/s/public/s5804746.jpg
203,你一生的故事,[美] 特德·姜,李克勤,译林出版社,2015-5,36.00元,8.7,30745,特德·姜科幻小说集,https://img9.doubanio.com/view/subject/s/public/s28033064.jpg
204,天生有罪,[南非] 特雷弗·诺亚,董帅,北京联合出版公司,2018-2-1,58.00,9.0,14247,None,https://img2.doubanio.com/view/subject/s/public/s29675003.jpg
205,众病之王,[美] 悉达多·穆克吉,李虎,中信出版社,2013-2,42.00元,9.0,11652,癌症传,https://img1.doubanio.com/view/subject/s/public/s24598159.jpg
206,全球通史,(美) 斯塔夫里阿诺斯,吴象婴,北京大学出版社,2012-2-1,168.00元,9.1,18948,从史前史到21世纪,https://img2.doubanio.com/view/subject/s/public/s29796663.jpg
207,象棋的故事,[奥] 斯蒂芬·茨威格,张玉书,上海译文出版社,2007-7,23.00元,9.1,11307,纳粹法西斯对人心灵的折磨及摧残,https://img3.doubanio.com/view/subject/s/public/s2897060.jpg
208,鹿川有许多粪,李沧东,春喜,武汉大学出版社,2021-8,58.00元,9.0,13849,None,https://img2.doubanio.com/view/subject/s/public/s33968312.jpg
209,荆棘鸟,[澳] 考琳·麦卡洛,曾胡,译林出版社,1998-7,28.00元,8.6,50111,澳洲乱世情,https://img9.doubanio.com/view/subject/s/public/s1073574.jpg
210,火星救援,[美] 安迪·威尔,陈灼,译林出版社,2015-10,38.00,8.9,16846,跟火星来一场不是你死就是我活的过家家游戏,https://img1.doubanio.com/view/subject/s/public/s28284337.jpg
211,青铜时代,王小波,,花城出版社,1997-5,29.00元,8.7,24725,唐人传奇贯注现代情趣,https://img2.doubanio.com/view/subject/s/public/s1072541.jpg
212,毛姆短篇小说精选集,[英] 威廉·萨默塞特·毛姆,冯亦代,译林出版社,2012-11,36.00元,9.1,11222,在各种光怪陆离的场景中，迷失的人性引发了一连串的悲剧,https://img9.doubanio.com/view/subject/s/public/s24174596.jpg
213,此生未完成,于娟,,湖南科学技术出版社,2011-5,26.00元,8.9,21217,一个母亲、妻子、女儿的生命日记,https://img2.doubanio.com/view/subject/s/public/s6343233.jpg
214,正见,宗萨蒋扬钦哲仁波切,姚仁喜,中国友谊出版公司,2007-1,25.00元,8.8,16511,佛陀的证悟,https://img2.doubanio.com/view/subject/s/public/s1993421.jpg
215,庄子,孙通海 译注,方勇 译注,中华书局,2007-04,20.00元,9.4,9738,野马也，尘埃也，生物之以息相吹也,https://img9.doubanio.com/view/subject/s/public/s5765615.jpg
216,中国哲学简史,冯友兰,赵复三,新世界出版社,2004-1,38.00元,8.9,18413,中国哲学入门书,https://img9.doubanio.com/view/subject/s/public/s1069364.jpg
217,雕刻时光,[苏] 安德烈·塔可夫斯基,张晓东,南海出版公司,2016-5,45.00元,9.5,6505,None,https://img2.doubanio.com/view/subject/s/public/s28622011.jpg
218,规训与惩罚,[法] 米歇尔·福柯,刘北成,生活·读书·新知三联书店,2003-1,21.80元,9.2,9008,伴随着惩罚的人性化，自由反而日益丧失了,https://img1.doubanio.com/view/subject/s/public/s2522397.jpg
219,现代艺术150年,[英] 威尔·贡培兹,王烁,广西师范大学出版社,2017-3-1,65.00元,9.1,11686,None,https://img9.doubanio.com/view/subject/s/public/s29417056.jpg
220,从一到无穷大,[美] G. 伽莫夫,暴永宁 译,科学出版社,2002-11,29.00元,9.1,12640,科学中的事实和臆测,https://img3.doubanio.com/view/subject/s/public/s2516920.jpg
221,金锁记,张爱玲,,哈尔滨出版社,2005-6,13.5元,8.6,58049,一个小商人家庭出身的女子曹七巧的心灵变迁历程,https://img9.doubanio.com/view/subject/s/public/s2976745.jpg
222,繁花,金宇澄,,上海文艺出版社,2013-3,48.00元,8.7,29897,海上繁花，请静观静读,https://img1.doubanio.com/view/subject/s/public/s26037307.jpg
223,香水,[德] 帕·聚斯金德,李清华,上海译文出版社,2009-6,25.00元,8.8,18450,None,https://img2.doubanio.com/view/subject/s/public/s3867373.jpg
224,夏洛的网,[美] E.B.怀特,任溶溶,上海译文出版社,2004-5,17.00元,8.6,63889,一个蜘蛛和小猪的故事，写给孩子，也写给大人,https://img1.doubanio.com/view/subject/s/public/s1120437.jpg
225,二手时间,[白俄] S. A. 阿列克谢耶维奇,吕宁思,中信出版社,2016-1,55.00元,8.8,19775,用最为细小的马赛克拼出了一幅完整的后苏联时代图景,https://img9.doubanio.com/view/subject/s/public/s28397415.jpg
226,步履不停,[日] 是枝裕和,郑有杰,北京联合出版公司,2017-5,36.80元,8.7,36148,人生路上，步履不停，总有那么一点来不及,https://img2.doubanio.com/view/subject/s/public/s29425921.jpg
227,时间的秩序,[意] 卡洛·罗韦利,杨光,湖南科学技术出版社,2019-6,56.00元,8.9,17911,None,https://img2.doubanio.com/view/subject/s/public/s32332471.jpg
228,如彗星划过夜空,林达,,生活·读书·新知三联书店,2006-3,21.00元,8.9,10974,None,https://img2.doubanio.com/view/subject/s/public/s1670411.jpg
229,了不起的盖茨比,[美] 斯科特·菲茨杰拉德,邓若虚,南海出版公司,2012-5,25.00元,8.7,44574,None,https://img9.doubanio.com/view/subject/s/public/s9110246.jpg
230,哈姆莱特,[英] 莎士比亚,朱生豪,人民文学出版社,2001-1,7.00元,8.7,44377,生存还是毁灭，这是一个值得思考的问题,https://img1.doubanio.com/view/subject/s/public/s27009357.jpg
231,骆驼祥子,老舍,,人民文学出版社,2000-3-1,12.00,8.4,185513,旧中国老北京贫苦市民的典型命运,https://img3.doubanio.com/view/subject/s/public/s1146040.jpg
232,民主的细节,刘瑜,,上海三联书店,2009-6,25.00,8.6,73799,公民养成手册,https://img1.doubanio.com/view/subject/s/public/s4146437.jpg
233,不存在的骑士,[意] 伊塔洛·卡尔维诺,吴正仪,译林出版社,2012-4,22.00元,8.8,16738,None,https://img2.doubanio.com/view/subject/s/public/s8972061.jpg
234,黑客与画家,[美] Paul Graham,阮一峰,人民邮电出版社,2011-4,49.00元,8.7,21811,硅谷创业之父PaulGraham文集,https://img9.doubanio.com/view/subject/s/public/s4669554.jpg
235,从零开始的女性主义,[日本] 上野千鹤子,吕灵芝,北京联合出版公司,2021-9,52.00元,8.6,32084,None,https://img2.doubanio.com/view/subject/s/public/s33984963.jpg
236,牡丹亭,汤显祖,,人民文学出版社,1963-4-1,14.50元,9.0,12567,不到园林，怎知春色如许,https://img9.doubanio.com/view/subject/s/public/s1075414.jpg
237,张爱玲文集,张爱玲,,安徽文艺出版社,1992年,45元,8.9,14891,None,https://img9.doubanio.com/view/subject/s/public/s1662165.jpg
238,稻草人手记,三毛,,北京十月文艺出版社,2009-3,18.00元,8.9,18680,三毛在加纳利群岛上的生活,https://img1.doubanio.com/view/subject/s/public/s3667048.jpg
239,如父如子,[日] 是枝裕和,丹勇,湖南文艺出版社,2018-4,49.80,8.8,23264,None,https://img3.doubanio.com/view/subject/s/public/s29707420.jpg
240,消失的13级台阶,[日] 高野和明,赵建勋,上海文艺出版社,2020-5-15,42.00元,8.6,62854,None,https://img1.doubanio.com/view/subject/s/public/s34070178.jpg
241,会饮篇,[古希腊] 柏拉图,王太庆,商务印书馆,2013-1,12.00元,9.3,8526,None,https://img2.doubanio.com/view/subject/s/public/s25807032.jpg
242,给青年诗人的信,[古希腊] 柏拉图,王太庆,商务印书馆,2013-1,12.00元,9.1,11193,None,https://img1.doubanio.com/view/subject/s/public/s28378127.jpg
243,被讨厌的勇气,岸见一郎,渠海霞,机械工业出版社,2015-3-1,39.8,8.6,95043,None,https://img1.doubanio.com/view/subject/s/public/s29237648.jpg
244,黑箱,岸见一郎,渠海霞,机械工业出版社,2015-3-1,39.8,8.8,17969,None,https://img9.doubanio.com/view/subject/s/public/s30025945.jpg
245,金阁寺,[日] 三岛由纪夫,唐月梅,上海译文出版社,2009-1,24.00,8.7,31440,他的犯罪动机是对美的嫉妒,https://img3.doubanio.com/view/subject/s/public/s3511590.jpg
246,狂热分子,[美] 埃里克·霍弗,梁永安,广西师范大学出版社,2011-6,34.00元,8.9,13677,探讨群众运动的共有特征,https://img1.doubanio.com/view/subject/s/public/s28036829.jpg
247,显微镜下的大明,马伯庸,,湖南文艺出版社,2019-1,52.00元,8.7,25331,None,https://img2.doubanio.com/view/subject/s/public/s29960161.jpg
248,分成两半的子爵,[意] 伊塔洛·卡尔维诺,吴正仪,译林出版社,2012-4-1,20.00元,8.7,18996,None,https://img2.doubanio.com/view/subject/s/public/s8972073.jpg
249,社会契约论,[法] 卢梭,何兆武,商务印书馆,2003-2-1,18.00元,8.8,17697,一个国家只能有一个契约,https://img9.doubanio.com/view/subject/s/public/s1314606.jpg
250,巨流河,齐邦媛,,生活·读书·新知三联书店,2010-10,39.00元,8.7,29105,两代人从巨流河到哑口海的故事,https://img1.doubanio.com/view/subject/s/public/s4494379.jpg
